{
    "start_213": {
        "RB": 0.082,
        "VV": 0.066,
        "NN": 0.242,
        "JJ": 0.018,
        "IN": 0.1,
        "DT": 0.044,
        "(": 0.004,
        "FW": 0.006,
        "PRP": 0.052,
        "CD": 0.16,
        "NNB": 0.004,
        "NNP": 0.206,
        "PRD": 0.004,
        "``": 0.004,
        "PFA": 0.008
    },
    "RB": {
        "RB": 0.09253246753246754,
        ",": 0.017857142857142856,
        "VV": 0.5243506493506493,
        "NN": 0.03409090909090909,
        "JJ": 0.05844155844155844,
        "MD": 0.048701298701298704,
        "IN": 0.09253246753246754,
        "VC": 0.02922077922077922,
        "DT": 0.012987012987012988,
        "FW": 0.0016233766233766235,
        "PRP": 0.008116883116883116,
        "CD": 0.027597402597402596,
        "BB": 0.027597402597402596,
        "NNP": 0.021103896103896104,
        "PRD": 0.0016233766233766235,
        "PFA": 0.0016233766233766235
    },
    ",": {
        "RB": 0.18935643564356436,
        "VV": 0.22400990099009901,
        "NN": 0.17945544554455445,
        "JJ": 0.012376237623762377,
        "MD": 0.008663366336633664,
        "IN": 0.08168316831683169,
        "VC": 0.04579207920792079,
        "DT": 0.02103960396039604,
        "CC": 0.008663366336633664,
        "FW": 0.0049504950495049506,
        "PRP": 0.04455445544554455,
        "CD": 0.04579207920792079,
        "BB": 0.008663366336633664,
        "NNP": 0.11138613861386139,
        "PRD": 0.0049504950495049506,
        "``": 0.0012376237623762376,
        "PFA": 0.007425742574257425
    },
    "VV": {
        "RB": 0.016580903373356205,
        ",": 0.05660377358490566,
        "VV": 0.115494568324757,
        "DEC": 0.05717552887364208,
        "NN": 0.19439679817038308,
        "JJ": 0.029159519725557463,
        "SFN": 0.08176100628930817,
        "MD": 0.002287021154945683,
        "IN": 0.03544882790165809,
        ".": 0.05317324185248713,
        "VC": 0.033733562035448826,
        "DT": 0.01429388221841052,
        "EC": 0.004574042309891366,
        "CC": 0.004002287021154946,
        "(": 0.003430531732418525,
        "FW": 0.004002287021154946,
        ")": 0.002287021154945683,
        ":": 0.002287021154945683,
        "PRP": 0.012578616352201259,
        "AS": 0.046883933676386505,
        "CD": 0.06632361349342482,
        "NNB": 0.0005717552887364208,
        "BB": 0.0011435105774728416,
        "NNP": 0.13379073756432247,
        "PRD": 0.004002287021154946,
        "UH": 0.004002287021154946,
        "``": 0.009148084619782733,
        "''": 0.0005717552887364208,
        "PFA": 0.00686106346483705,
        "DEV": 0.002858776443682104,
        "WP": 0.0005717552887364208
    },
    "DEC": {
        "RB": 0.004918032786885246,
        ",": 0.003278688524590164,
        "VV": 0.04426229508196721,
        "NN": 0.6868852459016394,
        "JJ": 0.05737704918032787,
        "IN": 0.001639344262295082,
        "VC": 0.013114754098360656,
        "DT": 0.014754098360655738,
        "CC": 0.001639344262295082,
        "(": 0.001639344262295082,
        "FW": 0.006557377049180328,
        "CD": 0.07704918032786885,
        "NNP": 0.07213114754098361,
        "``": 0.009836065573770493,
        "PFA": 0.004918032786885246
    },
    "NN": {
        "RB": 0.053976365378473334,
        ",": 0.10923027786649633,
        "VV": 0.13190673906100286,
        "DEC": 0.07697221335036729,
        "NN": 0.24209517725966145,
        "JJ": 0.01820504631108272,
        "SFN": 0.07090386458000639,
        "MD": 0.0025550942190993293,
        "IN": 0.04663046949856276,
        ".": 0.08080485467901628,
        "VC": 0.026189715745768127,
        "DT": 0.0012775471095496647,
        "EC": 0.01660811242414564,
        "CC": 0.028425423187480037,
        "(": 0.008623442989460236,
        "FW": 0.0012775471095496647,
        ")": 0.008942829766847652,
        ":": 0.00415202810603641,
        "PRP": 0.0006387735547748323,
        "CD": 0.020440753752794635,
        "NNB": 0.00031938677738741617,
        "BB": 0.006068348770360907,
        "NNP": 0.022995847971893964,
        "PRD": 0.0012775471095496647,
        "UH": 0.0012775471095496647,
        "``": 0.0006387735547748323,
        "''": 0.009900990099009901,
        "SLASH": 0.0015969338869370809,
        "PFA": 0.0035132545512615776,
        "DEV": 0.00031938677738741617,
        "HYPH": 0.0009581603321622484,
        "ADD": 0.00031938677738741617,
        "SFV": 0.00031938677738741617,
        "...": 0.00031938677738741617,
        "SFA": 0.00031938677738741617
    },
    "JJ": {
        "RB": 0.01904761904761905,
        ",": 0.13015873015873017,
        "VV": 0.025396825396825397,
        "DEC": 0.2634920634920635,
        "NN": 0.2984126984126984,
        "JJ": 0.02857142857142857,
        "SFN": 0.03492063492063492,
        "IN": 0.012698412698412698,
        ".": 0.050793650793650794,
        "EC": 0.012698412698412698,
        "CC": 0.022222222222222223,
        "CD": 0.03492063492063492,
        "NNB": 0.0031746031746031746,
        "NNP": 0.015873015873015872,
        "UH": 0.02857142857142857,
        "''": 0.0031746031746031746,
        "DEV": 0.012698412698412698,
        "SFV": 0.0031746031746031746
    },
    "SFN": {
        "RB": 0.04923599320882852,
        ",": 0.12393887945670629,
        "VV": 0.13242784380305603,
        "DEC": 0.10186757215619695,
        "NN": 0.17826825127334464,
        "JJ": 0.01867572156196944,
        "SFN": 0.027164685908319185,
        "MD": 0.010186757215619695,
        "IN": 0.04584040747028863,
        ".": 0.0831918505942275,
        "VC": 0.030560271646859084,
        "EC": 0.04753820033955857,
        "CC": 0.028862478777589132,
        "(": 0.01867572156196944,
        "FW": 0.001697792869269949,
        ")": 0.01867572156196944,
        ":": 0.006791171477079796,
        "CD": 0.013582342954159592,
        "BB": 0.003395585738539898,
        "NNP": 0.04584040747028863,
        "PRD": 0.001697792869269949,
        "''": 0.006791171477079796,
        "PFA": 0.0050933786078098476
    },
    "MD": {
        "RB": 0.07352941176470588,
        "VV": 0.6470588235294118,
        "NN": 0.029411764705882353,
        "JJ": 0.029411764705882353,
        "MD": 0.04411764705882353,
        "IN": 0.14705882352941177,
        "BB": 0.014705882352941176,
        "UH": 0.014705882352941176
    },
    "IN": {
        "RB": 0.05263157894736842,
        ",": 0.11466165413533834,
        "VV": 0.12593984962406016,
        "DEC": 0.02443609022556391,
        "NN": 0.24060150375939848,
        "JJ": 0.022556390977443608,
        "MD": 0.007518796992481203,
        "IN": 0.009398496240601503,
        ".": 0.005639097744360902,
        "VC": 0.011278195488721804,
        "DT": 0.02631578947368421,
        "EC": 0.0018796992481203006,
        "(": 0.009398496240601503,
        "FW": 0.007518796992481203,
        "PRP": 0.02631578947368421,
        "CD": 0.10714285714285714,
        "BB": 0.0018796992481203006,
        "NNP": 0.14661654135338345,
        "PRD": 0.041353383458646614,
        "UH": 0.0018796992481203006,
        "``": 0.0037593984962406013,
        "PFA": 0.011278195488721804
    },
    ".": {
        "VV": 0.2,
        "NN": 0.2,
        "''": 0.6
    },
    "VC": {
        "RB": 0.025362318840579712,
        ",": 0.010869565217391304,
        "VV": 0.12318840579710146,
        "NN": 0.2536231884057971,
        "JJ": 0.05434782608695652,
        "MD": 0.0036231884057971015,
        "IN": 0.03985507246376811,
        "VC": 0.0036231884057971015,
        "DT": 0.010869565217391304,
        "(": 0.0036231884057971015,
        "FW": 0.0036231884057971015,
        "PRP": 0.010869565217391304,
        "AS": 0.010869565217391304,
        "CD": 0.15579710144927536,
        "NNB": 0.0036231884057971015,
        "BB": 0.0036231884057971015,
        "NNP": 0.2318840579710145,
        "PRD": 0.0036231884057971015,
        "``": 0.021739130434782608,
        "SLASH": 0.010869565217391304,